﻿<?xml version="1.0" encoding="UTF-8" standalone="yes"?>
<!-- metadata.common.thesportsdb.com -->
<addon id="metadata.thesportsdb.com"
       name="The Sports Database"
       version="0.9.1"
       provider-name="Peter Streimelweger">
  <requires>
    <import addon="xbmc.metadata" version="2.1.0"/>
  </requires>
  <!-- next step: change this to xbmc.metadata.scraper.library -->
  <extension point="xbmc.metadata.scraper.tvshows"
             language="en"
             library="tsdb.xml"/>
  <extension point="xbmc.addon.metadata">
    <summary lang="af"></summary>
    <summary lang="be"></summary>
    <summary lang="bg"></summary>
    <summary lang="ca"></summary>
    <summary lang="cs"></summary>
    <summary lang="cy"></summary>
    <summary lang="da"></summary>
    <summary lang="de">TSDB Sport Scraper</summary>
    <summary lang="el"></summary>
    <summary lang="en">TSDB Sport Scraper</summary>
    <summary lang="en_NZ"></summary>
    <summary lang="en_US"></summary>
    <summary lang="es"></summary>
    <summary lang="es_AR"></summary>
    <summary lang="es_MX"></summary>
    <summary lang="et"></summary>
    <summary lang="fi"></summary>
    <summary lang="fr"></summary>
    <summary lang="fr_CA"></summary>
    <summary lang="gl"></summary>
    <summary lang="he"></summary>
    <summary lang="hr"></summary>
    <summary lang="hu"></summary>
    <summary lang="id"></summary>
    <summary lang="is"></summary>
    <summary lang="it"></summary>
    <summary lang="ja"></summary>
    <summary lang="ko"></summary>
    <summary lang="lt"></summary>
    <summary lang="mk"></summary>
    <summary lang="ml"></summary>
    <summary lang="ms"></summary>
    <summary lang="my"></summary>
    <summary lang="nl"></summary>
    <summary lang="no"></summary>
    <summary lang="pl"></summary>
    <summary lang="pt"></summary>
    <summary lang="pt_BR"></summary>
    <summary lang="ro"></summary>
    <summary lang="ru"></summary>
    <summary lang="se"></summary>
    <summary lang="sk"></summary>
    <summary lang="sl"></summary>
    <summary lang="sv"></summary>
    <summary lang="ta_IN"></summary>
    <summary lang="th"></summary>
    <summary lang="tr"></summary>
    <summary lang="uk"></summary>
    <summary lang="vi"></summary>
    <summary lang="zh"></summary>
    <summary lang="zh_TW"></summary>  
    <description lang="af"></description>
    <description lang="be"></description>
    <description lang="bg"></description>
    <description lang="ca"></description>
    <description lang="cs"></description>
    <description lang="cy"></description>
    <description lang="da"></description>
    <description lang="de">TheSportsDB ist eine online Quelle von Sport Metadaten die von deren Nutzern gepflegt wird. Melde Dich an und beginne Veranstaltungen, Bildmaterial oder Informationen in die Datenbank einzufügen und am weiterem Wachstum beizutragen. Warum aktualisieren Du nicht deine Lieblingsmannschaft oder fügst neue Ergebnisse ein? Jeder neue Eintrag hilft der Community!</description>
    <description lang="el"></description>
    <description lang="en">TheSportsDB is an online source of sports metadata that is maintained by its users. Sign up and start adding events, artwork or details to keep the database growing. Why not update your favourite team or add some results for an event. Any new data will help everyone!</description>
    <description lang="en_NZ"></description>
    <description lang="en_US"></description>
    <description lang="es"></description>
    <description lang="es_AR"></description>
    <description lang="es_MX"></description>
    <description lang="et"></description>
    <description lang="fi"></description>
    <description lang="fr"></description>
    <description lang="fr_CA"></description>
    <description lang="gl"></description>
    <description lang="he"></description>
    <description lang="hr"></description>
    <description lang="hu"></description>
    <description lang="id"></description>
    <description lang="is"></description>
    <description lang="it"></description>
    <description lang="ja"></description>
    <description lang="ko"></description>
    <description lang="lt"></description>
    <description lang="mk"></description>
    <description lang="ml"></description>
    <description lang="ms"></description>
    <description lang="nl"></description>
    <description lang="no"></description>
    <description lang="pl"></description>
    <description lang="pt"></description>
    <description lang="pt_BR"></description>
    <description lang="ro"></description>
    <description lang="ru"></description>
    <description lang="se"></description>
    <description lang="sk"></description>
    <description lang="sl"></description>
    <description lang="sv"></description>
    <description lang="ta_IN"></description>
    <description lang="th"></description>
    <description lang="tr"></description>
    <description lang="uk"></description>
    <description lang="vi"></description>
    <description lang="zh"></description>
    <description lang="zh_TW"></description>
    <platform>all</platform>
    <license></license>
    <forum></forum>
    <website></website>
    <email></email>
    <source></source>
    <platform>all</platform>
  </extension>
</addon>
